book,summary
Genesis,"Primeval History (Chapters 1-11): This section covers the creation of the world, the early history of humanity, and the origins of sin. Key events include:
Creation: God creates the universe, Earth, and all living things in six days, culminating in the creation of Adam and Eve.
The Fall: Adam and Eve disobey God by eating the forbidden fruit, introducing sin into the world.
Cain and Abel: The first murder occurs when Cain kills his brother Abel.
The Flood: God sends a great flood to cleanse the Earth of its corruption, sparing only Noah, his family, and pairs of animals in the ark.
The Tower of Babel: Humanity's pride leads to the confusion of languages and the scattering of people across the Earth.

Patriarchal History (Chapters 12-50): This section focuses on the lives of the patriarchs—Abraham, Isaac, Jacob, and Joseph—and God's covenant with them. Key events include:
Abraham: God calls Abraham to leave his homeland and promises to make him the father of a great nation. Abraham's faith is tested, notably when he is asked to sacrifice his son Isaac.
Isaac: Abraham's son, through whom the covenant continues.
Jacob: Isaac's son, who wrestles with God and is renamed Israel. His twelve sons become the ancestors of the twelve tribes of Israel.
Joseph: Jacob's favorite son, sold into slavery by his brothers, rises to power in Egypt and ultimately saves his family from famine.
Genesis sets the stage for the rest of the Bible, introducing themes of creation, sin, judgment, and redemption, and establishing the foundation for God's relationship with humanity and the nation of Israel."
Exodus,"Exodus recounts the liberation of the Israelites from Egyptian slavery under Moses's leadership. It includes the giving of the Ten Commandments, the establishment of the covenant at Mount Sinai, and instructions for building the Tabernacle."
Leviticus,"Leviticus contains laws and regulations for worship and religious rituals in ancient Israel. It emphasizes holiness, sacrifices, and the role of the priesthood."
Numbers,"Numbers narrates the Israelites' journey through the wilderness, including censuses, laws, and events that occur as they prepare to enter the Promised Land."
Deuteronomy,"Deuteronomy consists of Moses's final speeches to the Israelites, reiterating laws and exhorting them to remain faithful to God as they enter the Promised Land."
Joshua,"Joshua describes the conquest of Canaan under Joshua's leadership, the division of the land among the tribes of Israel, and the renewal of the covenant."
Judges,"Judges recounts the history of Israel after Joshua's death, focusing on the cycles of sin, oppression, repentance, and deliverance through various judges."
Ruth,"Ruth tells the story of a Moabite woman who remains loyal to her Israelite mother-in-law, Naomi, and becomes an ancestor of King David."
1 Samuel,"1 Samuel covers the transition from the period of judges to the monarchy, including the lives of Samuel, Saul, and the rise of David."
2 Samuel,"2 Samuel focuses on David's reign as king of Israel, his successes, failures, and the establishment of Jerusalem as the capital."
book,summary
I Kings,"The Book of 1 Kings chronicles the history of Israel's monarchy, beginning with Solomon's reign, his wisdom, the construction of the Temple, and his eventual decline into idolatry. After Solomon's death, the kingdom divides into Israel (north) and Judah (south). The narrative alternates between the kings of both kingdoms, emphasizing their faithfulness or unfaithfulness to God. Key figures include Solomon, Rehoboam, Jeroboam, Ahab, Jezebel, and the prophet Elijah, who confronts idolatry and demonstrates God's power. The book highlights themes of covenant faithfulness, the consequences of idolatry, and the role of prophecy, setting the stage for Israel's eventual decline and exile."
II Kings,"2 Kings continues the history of the divided kingdoms, their kings, and the eventual fall of both Israel and Judah."
1 Chronicles,"1 Chronicles provides a genealogical history from Adam to David and focuses on David's reign and preparations for building the Temple."
2 Chronicles,"2 Chronicles covers the history of the kings of Judah, the construction and dedication of the Temple, and the eventual exile to Babylon."
Ezra,"Ezra recounts the return of the exiles from Babylon, the rebuilding of the Temple, and the efforts to restore religious practices."
Nehemiah,"Nehemiah describes the rebuilding of Jerusalem's walls and the reforms led by Nehemiah to restore the community's faithfulness to God."
Esther,"Esther tells the story of a Jewish queen in Persia who saves her people from a plot to destroy them."
Job,"Job explores the nature of suffering and faith through the story of a man who loses everything but remains faithful to God."
Psalms,"Psalms is a collection of 150 poetic songs and prayers expressing a wide range of emotions and experiences in relation to God."
Proverbs,"Proverbs contains wise sayings and teachings on how to live a righteous and prudent life."
Ecclesiastes,"Ecclesiastes reflects on the meaning of life and the futility of human endeavors apart from God."
Song of Solomon,"Song of Solomon is a poetic celebration of love and intimacy, often interpreted as an allegory of God's love for His people."
Isaiah,"Isaiah contains prophecies about judgment and salvation, emphasizing God's holiness and the coming Messiah."
Jeremiah,"Jeremiah prophesies about the impending destruction of Judah and the hope of future restoration."
Lamentations,"Lamentations is a series of poetic laments over the destruction of Jerusalem and the suffering of its people."
Ezekiel,"Ezekiel contains visions and prophecies about the fall of Jerusalem, God's judgment, and the promise of restoration."
Daniel,"Daniel includes stories of Daniel's faithfulness in Babylon and visions of future events and the end times."
Hosea,"Hosea uses the prophet's marriage to an unfaithful wife as an allegory for God's relationship with Israel."
Joel,"Joel prophesies about the Day of the Lord, calling for repentance and promising future blessings."
Amos,"Amos condemns social injustice and religious hypocrisy, warning of God's judgment."
Obadiah,"Obadiah prophesies the downfall of Edom and the restoration of Israel."
Jonah,"Jonah tells the story of a prophet who initially flees from God's call but eventually preaches repentance to Nineveh."
Micah,"Micah condemns injustice and idolatry, promising a future ruler from Bethlehem who will bring peace."
Nahum,"Nahum prophesies the fall of Nineveh, the capital of Assyria, as a symbol of God's judgment on oppressive nations."
Habakkuk,"Habakkuk questions God's justice and receives a response emphasizing faith and the eventual triumph of righteousness."
Zephaniah,"Zephaniah warns of the Day of the Lord, a time of judgment and purification, but also promises future restoration."
Haggai,"Haggai encourages the people to rebuild the Temple, promising God's presence and blessings."
Zechariah,"Zechariah contains visions and prophecies about the rebuilding of the Temple and the coming Messiah."
Malachi,"Malachi addresses issues of religious and social corruption, calling for repentance and promising the coming of the Lord."
Matthew,"Matthew presents Jesus as the Messiah and King, emphasizing His teachings, miracles, and fulfillment of Old Testament prophecies."
Mark,"Mark portrays Jesus as a servant and focuses on His actions, miracles, and the urgency of His mission."
Luke,"Luke provides a detailed account of Jesus's life, emphasizing His compassion, teachings, and parables, and His mission to save all people."
John,"John highlights Jesus's divinity, His signs and teachings, and the importance of believing in Him for eternal life. The book begins with the profound declaration of Jesus as the Word made flesh, emphasizing His role in creation and His unique relationship with God. Key events include the miracle at Cana, the healing of the sick, the feeding of the 5,000, and the raising of Lazarus. John also records several of Jesus's 'I am' statements, such as 'I am the bread of life' and 'I am the way, the truth, and the life,' which underscore His identity and mission. The book culminates in Jesus's crucifixion, resurrection, and appearances to His disciples, affirming His victory over death and His promise of eternal life to those who believe in Him."
Acts,"Acts recounts the early history of the Christian church, the spread of the gospel, and the work of the apostles, particularly Peter and Paul."
Romans,"A formal letter to a church Paul hadn't visited yet. It's his big, organized explanation of the gospel. Main point: Everyone needs to be saved, and salvation comes through faith in Jesus, not by following a law. It then explains how this new life should look."
1 Corinthians,"A troubleshooting letter to a messed-up, divided church in a party city. Paul tackles their problems one by one: fights, sexual immorality, lawsuits, marriage questions, chaotic worship, and wrong ideas about the resurrection. Main theme: Your freedom in Christ must be guided by love for others."
2 Corinthians,"A very personal, emotional defense of Paul's ministry. False teachers had turned the church against him. He explains why his suffering and honesty prove he's a real apostle, not a slick speaker. Key message: God's power is made perfect in weakness."
Galatians,"Paul's angry, urgent letter. Some people were telling new Christians they had to follow old Jewish laws (like circumcision) to be saved. Paul says NO. That's a different, fake gospel. Christ's death is 100% sufficient for your freedom."
Ephesians,"A circular letter likely sent to several churches. It's less about fixing problems, more about big-picture truth. It explains God's eternal plan to unite all things under Christ and how that creates a brand new, unified community (the church). Live up to your calling."
Philippians,"A warm, joyful thank-you note to Paul's favorite supporting church, written from prison. Even in chains, Paul has deep joy because knowing Christ is all that matters. Rejoice, and imitate Jesus' humble, servant attitude."
Colossians,"A corrective letter against a weird religious mix. Some were saying you needed secret knowledge, strict rules, and to worship angels along with Jesus. Paul says Christ alone is supreme and completely sufficient. You don't need to add anything to Him."
1 Thessalonians,"Paul's earliest letters. The church was confused about Jesus' return—some had quit working to wait for it. Paul clarifies: Live purposeful, holy lives while you wait, and don't believe every rumor about the end times."
2 Thessalonians,"Paul's earliest letters. The church was confused about Jesus' return—some had quit working to wait for it. Paul clarifies: Live purposeful, holy lives while you wait, and don't believe every rumor about the end times."
1 Timothy,"Instruction manuals for Paul's two protégés on how to lead churches. Practical advice on appointing leaders, teaching sound doctrine, confronting false teachers, and caring for different groups in the church."
2 Timothy,"2 Timothy is a personal letter from Paul to Timothy, encouraging him to remain faithful and fulfill his ministry. (The Pastoral Letters)"
Titus,"Instruction manuals for Paul's two protégés on how to lead churches. Practical advice on appointing leaders, teaching sound doctrine, confronting false teachers, and caring for different groups in the church. (The Pastoral Letters)"
Philemon,"A short, personal note. Paul sends a runaway slave, Onesimus, back to his Christian master, Philemon. But he pleads: Don't punish him. Welcome him back, not as a slave, but as a beloved brother in Christ. A radical request for its time."
Hebrews,"Hebrews emphasizes the superiority of Christ and the new covenant, encouraging believers to persevere in faith."
James,"James provides practical teachings on living out faith, including wisdom, speech, and caring for the poor."
1 Peter,"1 Peter encourages believers to remain steadfast in suffering, living holy lives as God's chosen people."
2 Peter,"2 Peter warns against false teachers and emphasizes the certainty of Christ's return and the need for godly living."
1 John,"1 John emphasizes the importance of love, obedience, and belief in Jesus Christ as the Son of God."
2 John,"2 John warns against deceivers and encourages walking in truth and love."
3 John,"3 John commends Gaius for his hospitality and warns against Diotrephes's pride and opposition."
Jude,"Jude warns against false teachers and encourages believers to contend for the faith."
Revelation,"Revelation contains apocalyptic visions of the end times, the final judgment, and the ultimate triumph of God's kingdom."