book,section,title,summary
Genesis,1-11,Primeval History,"This section covers the creation of the world, the early history of humanity, and the origins of sin. Key events include:
Creation: God creates the universe, Earth, and all living things in six days, culminating in the creation of Adam and Eve.
The Fall: Adam and Eve disobey God by eating the forbidden fruit, introducing sin into the world.
Cain and Abel: The first murder occurs when Cain kills his brother Abel.
The Flood: God sends a great flood to cleanse the Earth of its corruption, sparing only Noah, his family, and pairs of animals in the ark.
The Tower of Babel: Humanity's pride leads to the confusion of languages and the scattering of people across the Earth."
Genesis,12-50,Patriarchal History,"This section focuses on the lives of the patriarchs—Abraham, Isaac, Jacob, and Joseph—and God's covenant with them. Key events include:
Abraham: God calls Abraham to leave his homeland and promises to make him the father of a great nation. Abraham's faith is tested, notably when he is asked to sacrifice his son Isaac.
Isaac: Abraham's son, through whom the covenant continues.
Jacob: Isaac's son, who wrestles with God and is renamed Israel. His twelve sons become the ancestors of the twelve tribes of Israel.
Joseph: Jacob's favorite son, sold into slavery by his brothers, rises to power in Egypt and ultimately saves his family from famine.
Genesis sets the stage for the rest of the Bible, introducing themes of creation, sin, judgment, and redemption, and establishing the foundation for God's relationship with humanity and the nation of Israel."
Exodus,1-18,The Liberation from Egypt,"This section details the oppression of the Israelites in Egypt, the rise of Moses as their leader, and their eventual deliverance. Key events include:
- Oppression in Egypt: The Israelites, now numerous, are enslaved by a new Pharaoh who fears their growing population.
- Moses' Birth and Calling: Moses is born, saved from Pharaoh's decree, and raised in Pharaoh's household. As an adult, he flees to Midian, where God calls him from the burning bush to free Israel.
- The Plagues: Moses and Aaron confront Pharaoh, demanding the release of the Israelites. When Pharaoh refuses, God sends ten plagues upon Egypt, culminating in the death of the firstborn.
- The Exodus: After the final plague, Pharaoh relents, and the Israelites leave Egypt. God parts the Red Sea, allowing them to escape, while Pharaoh's army is drowned when the waters return.
- Journey to Sinai: The Israelites travel through the wilderness, facing challenges like hunger and thirst. God provides manna, quail, and water, demonstrating His care and provision."
Exodus,19-24,The Covenant at Mount Sinai,"This section focuses on the establishment of the covenant between God and Israel. Key events include:
- Theophany at Sinai: God descends on Mount Sinai in fire and smoke, calling Moses to the mountain to receive the Law.
- The Ten Commandments: God gives Moses the Ten Commandments, the foundation of the covenant, outlining moral and ethical principles for the Israelites.
- The Book of the Covenant: Additional laws and instructions are given, covering social, religious, and civil life, emphasizing justice, holiness, and community responsibility."
Exodus,25-40,The Tabernacle and Worship,"This section details the construction of the Tabernacle, the center of Israel's worship. Key events include:
- Instructions for the Tabernacle: God provides detailed instructions for building the Tabernacle, its furnishings, and the Ark of the Covenant, symbolizing His presence among His people.
- The Golden Calf Incident: While Moses is on the mountain, the Israelites worship a golden calf, breaking the covenant. Moses intercedes, and God renews the covenant after judgment.
- Construction of the Tabernacle: The Israelites build the Tabernacle according to God's specifications, and His glory fills it, signifying His dwelling among them.
Exodus highlights themes of deliverance, covenant, law, and God's presence, setting the stage for Israel's identity as God's chosen people and their journey toward the Promised Land."
Leviticus,1-7,Laws of Sacrifice,"This section outlines the various offerings and sacrifices required for worship and atonement. Key offerings include:
- Burnt Offerings: Symbolizing complete devotion to God.
- Grain Offerings: Representing gratitude and dedication.
- Peace Offerings: Expressing thanksgiving and fellowship with God.
- Sin Offerings: Addressing unintentional sins and purification.
- Guilt Offerings: Restoring relationships after wrongdoing.
These rituals emphasize holiness, repentance, and the seriousness of sin."
Leviticus,8-10,Priesthood and Consecration,"This section focuses on the ordination of Aaron and his sons as priests. Key events include:
- Consecration of the Priests: Aaron and his sons are anointed and set apart for holy service.
- The Role of the Priests: They mediate between God and the people, offering sacrifices and maintaining the sanctity of the Tabernacle.
- Nadab and Abihu's Sin: Two of Aaron's sons offer unauthorized fire and are consumed by God's judgment, highlighting the importance of obedience and reverence."
Leviticus,11-15,Laws of Purity,"This section details regulations for cleanliness and holiness in daily life. Key topics include:
- Clean and Unclean Animals: Dietary laws distinguishing what can and cannot be eaten.
- Purification After Childbirth: Rituals for a mother's cleansing after giving birth.
- Skin Diseases and Mildew: Procedures for diagnosing and addressing physical impurities.
- Bodily Discharges: Laws for managing and purifying bodily fluids.
These laws emphasize the need for physical and spiritual purity in approaching God."
Leviticus,16,The Day of Atonement,"This chapter describes the most sacred day in Israel's calendar. Key elements include:
- The High Priest's Role: Aaron enters the Holy of Holies to make atonement for the sins of the people.
- The Scapegoat: One goat is sacrificed, and another carries the people's sins into the wilderness, symbolizing the removal of guilt.
This day underscores the seriousness of sin and the necessity of atonement."
Leviticus,17-27,Holiness Code,"This section provides laws for holy living and community life. Key themes include:
- Moral and Ethical Laws: Prohibitions against idolatry, sexual immorality, and injustice.
- Sabbatical and Jubilee Years: Laws promoting rest, debt forgiveness, and restoration of land.
- Blessings and Curses: Promises of blessings for obedience and warnings of curses for disobedience.
Leviticus emphasizes holiness, calling Israel to be set apart as God's holy people."
Numbers,1-10,Preparation for the Journey,"This section focuses on organizing the Israelites for their journey to the Promised Land. Key events include:
- Census of the Israelites: A count of the tribes to organize the community and military.
- Arrangement of the Camp: The tribes are positioned around the Tabernacle, symbolizing God's presence at the center.
- Dedication of the Levites: The Levites are set apart for Tabernacle service.
- Departure from Sinai: The Israelites leave Mount Sinai, guided by the cloud and fire of God's presence."
Numbers,11-21,Wilderness Wanderings,"This section recounts the challenges and rebellions of the Israelites in the wilderness. Key events include:
- Complaints and Miracles: The people complain about food, and God provides quail and manna.
- Miriam and Aaron's Rebellion: They challenge Moses' authority and face consequences.
- The Spies' Report: Twelve spies scout Canaan, but only Joshua and Caleb trust God's promise, leading to 40 years of wandering.
- Korah's Rebellion: A group challenges Moses and Aaron, resulting in divine judgment.
- The Bronze Snake: God provides healing through a bronze snake when the people repent after complaining."
Numbers,22-25,Balaam and Balak,"This section tells the story of Balak, king of Moab, and Balaam, a prophet hired to curse Israel. Key events include:
- Balaam's Donkey: God uses a donkey to speak to Balaam, preventing him from cursing Israel.
- Balaam's Blessings: Instead of cursing Israel, Balaam blesses them, affirming God's protection.
- Israel's Sin at Peor: The Israelites fall into idolatry and immorality with the Moabites, leading to a plague and judgment."
Numbers,26-36,Preparation for Entering Canaan,"This section focuses on preparing the new generation to enter the Promised Land. Key events include:
- Second Census: A new count of the Israelites is taken as the older generation passes away.
- Inheritance Laws: Rules are established for dividing the land among the tribes.
- Joshua's Appointment: Joshua is chosen as Moses' successor to lead Israel into Canaan.
Numbers highlights themes of faith, obedience, and God's faithfulness despite human failure."
Deuteronomy,1-4,Moses' First Speech,"This section recounts Israel's journey from Sinai to the edge of the Promised Land. Key themes include:
- Reflection on the Past: Moses reminds the people of their rebellion and God's faithfulness.
- Obedience and Blessing: Moses urges the Israelites to obey God's laws to receive His blessings.
- Cities of Refuge: Three cities are designated as places of safety for unintentional killers."
Deuteronomy,5-26,Moses' Second Speech,"This section reiterates the Law and its application in the Promised Land. Key topics include:
- The Ten Commandments: Moses restates the foundational laws of the covenant.
- The Shema: A call to love God with all one's heart, soul, and strength.
- Laws for Community Life: Instructions for worship, justice, and social responsibility.
- Warnings Against Idolatry: Moses warns the people to avoid the worship of other gods."
Deuteronomy,27-30,Covenant Renewal,"This section focuses on the renewal of the covenant between God and Israel. Key events include:
- Blessings and Curses: Moses outlines the blessings for obedience and the curses for disobedience.
- The Choice Between Life and Death: Moses urges the people to choose life by loving and obeying God.
- The Covenant Ceremony: The Israelites reaffirm their commitment to God at Mount Ebal and Mount Gerizim."
Deuteronomy,31-34,Moses' Final Words and Death,"This section concludes with Moses' farewell and the transition of leadership. Key events include:
- Joshua's Commissioning: Moses appoints Joshua as his successor.
- The Song of Moses: A poetic reminder of God's faithfulness and Israel's tendency to rebel.
- Moses' Death: Moses views the Promised Land from Mount Nebo but is not allowed to enter. He dies, and Joshua takes leadership.
Deuteronomy emphasizes the importance of remembering God's laws, choosing obedience, and trusting in His promises."
Joshua,1-12,Conquest of Canaan,"This section describes the military campaigns to conquer the Promised Land. Key events include:
- Crossing the Jordan: God parts the Jordan River, echoing the Red Sea crossing.
- Battle of Jericho: The walls fall after Israel follows God's unusual battle plan.
- Southern and Northern Campaigns: Joshua leads successful military operations to secure the land.
- Division of the Land: The conquered territory is distributed among the twelve tribes."
Joshua,13-24,Settlement and Covenant Renewal,"This section focuses on establishing Israel in the land. Key events include:
- Land Distribution: Detailed allocation of territories to each tribe.
- Cities of Refuge: Establishment of cities for those who commit unintentional manslaughter.
- Joshua's Farewell: Final exhortations to remain faithful to God and renewal of the covenant."
Judges,1-3,Early Period of the Judges,"This section introduces the cycle of apostasy, oppression, and deliverance. Key events include:
- Initial Failures: Israel fails to completely drive out the Canaanites.
- Pattern Established: The cycle of sin, oppression, cry for help, and deliverance begins.
- Early Judges: Othniel, Ehud, and Shamgar deliver Israel from various oppressors."
Judges,4-16,Major Judges,"This section recounts the stories of the most prominent judges. Key figures include:
- Deborah and Barak: Lead victory over Canaanite forces.
- Gideon: Defeats the Midianites with a small army.
- Samson: Battles the Philistines through supernatural strength."
Judges,17-21,Moral Decline,"This section illustrates Israel's spiritual and moral degradation. Key events include:
- Micah's Idolatry: Establishment of private idol worship.
- Tribal War: Civil war between Benjamin and other tribes.
The book ends with the statement 'Everyone did what was right in his own eyes.'"
Ruth,1-4,The Story of Ruth,"This book tells a story of loyalty, redemption, and God's providence. Key events include:
- Naomi's Return: Ruth accompanies her mother-in-law back to Bethlehem.
- Ruth's Loyalty: She gleans in Boaz's fields and follows Naomi's instructions.
- Redemption: Boaz acts as kinsman-redeemer, marrying Ruth.
- Royal Line: Their marriage leads to the lineage of King David."
1 Samuel,1-7,Samuel's Ministry,"This section covers the transition from judges to monarchy. Key events include:
- Samuel's Birth and Calling: Hannah's prayer and Samuel's dedication to God.
- Eli's Sons: The corruption of the priesthood under Eli's sons.
- Loss and Return of the Ark: The Philistines capture and return the Ark.
- Samuel as Judge: His leadership and reforms in Israel."
1 Samuel,8-15,Saul's Rise and Decline,"This section details the establishment of monarchy in Israel. Key events include:
- Demand for a King: Israel requests a king to be like other nations.
- Saul's Selection: God chooses Saul as the first king.
- Early Success: Saul's military victories and leadership.
- Disobedience: Saul's failures and God's rejection of his kingship."
1 Samuel,16-31,David's Rise,"This section follows David's journey from shepherd to future king. Key events include:
- David's Anointing: Samuel anoints David as future king.
- Goliath: David's victory over the Philistine champion.
- Saul's Persecution: David flees from Saul's jealousy.
- Saul's Death: The king's tragic end in battle."
2 Samuel,1-10,David's Kingdom Established,"This section covers David's rise to power. Key events include:
- Kingship Over Judah: David becomes king of his tribe.
- United Kingdom: All Israel accepts David as king.
- Jerusalem: Capture and establishment of the capital.
- Covenant Promise: God's promise of an eternal dynasty."
2 Samuel,11-24,David's Trials,"This section details David's personal struggles and their consequences. Key events include:
- Bathsheba: David's sin and its consequences.
- Absalom's Rebellion: David's son rebels against him.
- National Challenges: Famine, plague, and warfare.
- Final Acts: David's preparations for Solomon's reign."
1 Chronicles,1-9,Genealogies,"This section traces Israel's history through family lines. Key elements include:
- Adam to Abraham: The earliest human genealogies.
- Twelve Tribes: Detailed records of Israel's tribal families.
- Priestly Lines: Genealogies of Levites and temple servants.
- Post-exile Community: Lists of those who returned from Babylon."
1 Chronicles,10-29,David's Reign,"This section focuses on David's achievements and preparations for the Temple. Key events include:
- Kingdom Establishment: David's rise to power and military victories.
- Ark's Return: Bringing the Ark of the Covenant to Jerusalem.
- Temple Plans: Detailed preparations for Temple construction.
- Solomon's Succession: Transfer of power and final instructions."
2 Chronicles,1-9,Solomon's Glory,"This section details Solomon's accomplishments. Key events include:
- Divine Wisdom: God grants Solomon wisdom and wealth.
- Temple Construction: Detailed account of the Temple building.
- Kingdom Prosperity: Solomon's achievements and fame.
- Queen of Sheba: International recognition of Israel's glory."
2 Chronicles,10-36,Kingdom's Decline,"This section follows Judah's history until exile. Key events include:
- Kingdom Division: Rehoboam's failure leads to split.
- Religious Reforms: Various kings attempt spiritual renewal.
- Temple's Fate: Repeated desecration and restoration.
- Babylonian Exile: Final destruction and hope of return."
Ezra,1-6,Temple Restoration,"This section covers the return from exile. Key events include:
- Cyrus's Decree: Permission to rebuild the Temple.
- First Return: Zerubbabel leads exiles back to Jerusalem.
- Temple Rebuilding: Overcoming opposition to complete construction.
- Worship Renewal: Restoration of proper Temple service."
Ezra,7-10,Religious Reforms,"This section details spiritual renewal. Key events include:
- Ezra's Return: A second wave of exiles returns.
- Covenant Renewal: People commit to follow God's law.
- Marriage Reform: Addressing mixed marriages issue.
- Community Purification: Restoring religious purity."
Nehemiah,1-7,Wall Reconstruction,"This section focuses on Jerusalem's restoration. Key events include:
- Nehemiah's Call: Learning of Jerusalem's condition.
- Wall Building: Organizing the reconstruction project.
- Opposition: Dealing with enemies and threats.
- City Organization: Establishing security and leadership."
Nehemiah,8-13,Spiritual Restoration,"This section covers religious reforms. Key events include:
- Law Reading: Public reading and teaching of Scripture.
- Covenant Renewal: Community commits to God's laws.
- Temple Reform: Restoring proper worship practices.
- Social Reforms: Addressing economic and social issues."
Esther,1-4,Crisis Development,"This section sets up the threat to Jews. Key events include:
- Queen Vashti: Her removal creates opportunity for Esther.
- Esther's Rise: Selection as new queen.
- Haman's Plot: Plan to destroy the Jewish people.
- Mordecai's Appeal: Calling Esther to action."
Esther,5-10,Deliverance,"This section shows God's providential care. Key events include:
- Esther's Courage: Approaching the king at risk of death.
- Haman's Fall: Exposure and punishment of the enemy.
- Jewish Victory: Defense against their attackers.
- Purim Establishment: Creating the celebration memorial."
Job,1-2,Prologue,"This section introduces Job's testing. Key events include:
- Job's Character: A righteous man blessed by God.
- Heavenly Scene: Satan challenges Job's motives.
- Initial Trials: Loss of wealth, children, and health.
- Job's Response: Maintaining faith despite loss."
Job,3-37,Dialogues,"This section contains the debates about suffering. Key elements include:
- Job's Lament: Questioning his suffering.
- Friends' Arguments: Suggesting sin caused his troubles.
- Job's Defense: Maintaining his integrity.
- Elihu's Speech: A younger perspective on suffering."
Job,38-42,Divine Response,"This section provides resolution. Key events include:
- God's Questions: Revealing divine wisdom and power.
- Job's Humility: Acknowledging God's sovereignty.
- Divine Verdict: Vindicating Job's integrity.
- Restoration: Blessing Job with double his former prosperity."
Psalms,1-41,Book One,"This section, primarily by David, includes:
- Wisdom Psalms: Guidelines for righteous living.
- Lament Psalms: Crying out to God in distress.
- Royal Psalms: Celebrating God's chosen king.
- Messianic Psalms: Prophesying about the coming Messiah."
Psalms,42-72,Book Two,"This collection features:
- Sons of Korah: Temple worship songs.
- David's Psalms: Personal prayers and praise.
- National Laments: Prayers for God's people.
- Messianic Hope: Future kingdom prophecies."
Psalms,73-89,Book Three,"This group contains:
- Asaph's Psalms: Wrestling with theodicy.
- Historical Psalms: Recounting God's faithfulness.
- Temple Psalms: Expressing love for God's house.
- Covenant Psalms: Remembering God's promises."
Psalms,90-106,Book Four,"This collection emphasizes:
- Moses' Prayer: Contemplating human mortality.
- Enthronement Psalms: Celebrating God's reign.
- Thanksgiving Psalms: Gratitude for God's works.
- Historical Reviews: Learning from Israel's past."
Psalms,107-150,Book Five,"This final book includes:
- Hallel Psalms: Songs of praise and thanksgiving.
- Songs of Ascent: Pilgrim songs for festival worship.
- Royal Psalms: Celebrating God's kingship.
- Doxology: Final songs of universal praise."
Proverbs,1-9,Wisdom's Call,"This section introduces wisdom's value. Key themes include:
- Wisdom's Invitation: Personified wisdom calls to the simple.
- Parental Counsel: A father's instruction to his son.
- Warning Against Folly: Avoiding evil and foolishness.
- Wisdom's Benefits: Promises for those who seek wisdom."
Proverbs,10-31,Wisdom Collections,"This section contains various wisdom sayings. Key collections include:
- Solomon's Proverbs: Practical wisdom for daily life.
- Wise Sayings: Contrasting wisdom and foolishness.
- Numerical Proverbs: Structured observations about life.
- Virtuous Woman: Description of ideal character."
Matthew,1-4,Birth and Beginnings,"This section introduces Jesus's early life and ministry. Key events include:
- Genealogy and Birth: Jesus's royal lineage and miraculous birth.
- Visit of the Magi: Wise men seek the newborn king.
- John's Ministry: Preparation for Jesus's public ministry.
- Temptation: Jesus resists Satan in the wilderness."
Matthew,5-25,Ministry and Teaching,"This section covers Jesus's public ministry. Key elements include:
- Sermon on the Mount: Core teachings about kingdom living.
- Miracles and Parables: Demonstrations of power and teaching.
- Confrontations: Challenges with religious leaders.
- Olivet Discourse: Prophecies about the future."
Matthew,26-28,Death and Resurrection,"This section concludes with Jesus's victory. Key events include:
- Last Supper: Institution of communion remembrance.
- Trial and Crucifixion: Jesus's suffering and death.
- Resurrection: Victory over death and final commission."
Mark,1-8,Early Ministry,"This section emphasizes Jesus's authority. Key events include:
- John's Preparation: Ministry of John the Baptist.
- Initial Ministry: Calling disciples and early miracles.
- Growing Opposition: Conflict with religious leaders.
- Peter's Confession: Recognition of Jesus as Messiah."
Mark,9-16,Journey to the Cross,"This section focuses on Jesus's sacrifice. Key events include:
- Transfiguration: Divine glory revealed to disciples.
- Teaching on Discipleship: Cost of following Jesus.
- Final Week: Entry into Jerusalem and crucifixion.
- Resurrection: Brief account of the empty tomb."
Luke,1-4,Preparation for Ministry,"This section provides detailed beginnings. Key events include:
- Birth Announcements: John and Jesus's coming births.
- Nativity: Detailed account of Jesus's birth.
- John's Ministry: Preparation for Jesus's work.
- Jesus's Preparation: Baptism and temptation."
Luke,5-19,Ministry to the Marginalized,"This section shows Jesus's compassion. Key elements include:
- Calling Disciples: Formation of Jesus's core group.
- Healing Ministry: Focus on outcasts and needy.
- Parables: Stories emphasizing God's love.
- Journey to Jerusalem: Teaching and miracles."
Luke,20-24,Passion and Resurrection,"This section details Jesus's final days. Key events include:
- Temple Teaching: Final public ministry.
- Last Supper: Extended discourse with disciples.
- Death and Resurrection: Detailed account of events.
- Post-Resurrection: Appearances and ascension."
John,1-12,Signs and Declarations,"This section reveals Jesus's identity. Key elements include:
- Divine Word: Jesus's eternal nature and incarnation.
- Seven Signs: Miracles revealing Jesus's glory.
- I Am Statements: Jesus's divine claims.
- Growing Opposition: Conflict with authorities."
John,13-21,Final Ministry and Victory,"This section shows Jesus's love and triumph. Key events include:
- Upper Room: Extended teaching to disciples.
- Prayer for Unity: Jesus's high priestly prayer.
- Death and Resurrection: Focus on divine purpose.
- Restoration: Peter's recommissioning."
Ecclesiastes,1-6,Vanity of Life,"This section explores the meaninglessness of life apart from God. Key themes include:
- Futility of Wisdom: Human wisdom's limitations.
- Pursuit of Pleasure: The emptiness of worldly pleasures.
- Work's Limitations: The temporary nature of human achievements.
- Time's Cycles: The repetitive patterns of life."
Ecclesiastes,7-12,Finding Meaning,"This section provides wisdom for living meaningfully. Key themes include:
- Practical Wisdom: Guidelines for navigating life.
- Fear of God: The foundation of true wisdom.
- Joy in Life: Finding satisfaction in simple pleasures.
- Final Conclusion: Fearing God and keeping His commandments."
Song of Solomon,1-4,Love's Beginning,"This section describes the initial attraction and courtship. Key elements include:
- Mutual Attraction: The lovers express their admiration.
- Love's Intensity: Deep emotional and physical attraction.
- Garden Imagery: Metaphors of natural beauty.
- Wedding Celebration: The joy of marital union."
Song of Solomon,5-8,Love's Maturity,"This section explores the depth and growth of love. Key themes include:
- Love's Tests: Overcoming challenges in relationship.
- Lasting Commitment: The strength of mature love.
- Love's Value: The priceless nature of true love.
- Final Unity: The celebration of enduring love."
Isaiah,1-39,Judgment and Hope,"This section contains prophecies of judgment and hope. Key themes include:
- Jerusalem's Sin: Warnings about pride and injustice.
- Messianic Prophecies: Promises of a coming king and servant.
- Nations' Judgment: Oracles against foreign nations.
- Historical Events: Stories from Hezekiah's reign."
Isaiah,40-66,Comfort and Restoration,"This section focuses on restoration and future glory. Key themes include:
- Servant Songs: Prophecies about God's suffering servant.
- New Creation: Promises of cosmic renewal.
- God's Sovereignty: Control over history and nations.
- Final Victory: Ultimate triumph of God's kingdom."
Jeremiah,1-25,Warnings and Judgment,"This section contains calls to repentance and warnings. Key elements include:
- Prophet's Call: Jeremiah's commission and early ministry.
- Temple Messages: Warnings about false security.
- Coming Judgment: Prophecies of Babylonian invasion.
- Symbolic Actions: Visual demonstrations of God's message."
Jeremiah,26-52,Hope Beyond Judgment,"This section balances judgment with hope. Key themes include:
- New Covenant: Promise of spiritual transformation.
- Letters to Exiles: Guidance for life in Babylon.
- Book of Comfort: Messages of future restoration.
- Historical Appendix: Fall of Jerusalem and aftermath."
Lamentations,1-5,Jerusalem's Desolation,"This book contains five poems of lament. Key themes include:
- City's Devastation: Description of Jerusalem's fall.
- God's Justice: Recognition of sin's consequences.
- Hope in Suffering: Trust in God's faithfulness.
- Prayer for Restoration: Plea for God's mercy."
Ezekiel,1-24,Judgment on Jerusalem,"This section contains visions and symbolic acts. Key elements include:
- Glory Vision: God's throne chariot appearance.
- Temple's Defilement: Reasons for judgment.
- Symbolic Actions: Prophetic demonstrations.
- Jerusalem's Siege: Final warnings before destruction."
Ezekiel,25-48,Hope and Restoration,"This section focuses on future restoration. Key themes include:
- Nations' Judgment: Oracles against foreign powers.
- New Heart: Promise of spiritual transformation.
- Temple Vision: Future worship restored.
- Land Division: New order in restored Israel."
Daniel,1-6,Historical Narratives,"This section contains stories of faithfulness. Key events include:
- Exile Training: Daniel and friends in Babylon.
- Dream Interpretations: God's power revealed.
- Fiery Furnace: Faithfulness under persecution.
- Lions' Den: Divine protection amid trials."
Daniel,7-12,Apocalyptic Visions,"This section reveals future events. Key visions include:
- Four Beasts: World empires and God's kingdom.
- Seventy Weeks: Timeline of future events.
- Spiritual Warfare: Heavenly conflicts revealed.
- End Times: Final triumph of God's people."
386|Hosea,1-3,Prophetic Marriage,"This section uses Hosea's marriage as a metaphor. Key elements include:
- Marriage to Gomer: Symbol of God's relationship with Israel.
- Children's Names: Prophetic messages through their naming.
- Restoration Promise: Hope for reconciliation with God."
Hosea,4-14,Israel's Unfaithfulness,"This section addresses Israel's sins. Key themes include:
- Religious Corruption: Criticism of false worship.
- Political Instability: Consequences of abandoning God.
- Divine Love: God's persistent love despite betrayal.
- Call to Repentance: Invitation to return to God."
Joel,1-2,Day of Disaster,"This section describes immediate judgment. Key events include:
- Locust Plague: Natural disaster as divine judgment.
- Call to Repentance: Urgent appeal for national fasting.
- Promise of Restoration: Hope for divine blessing.
- Spirit's Outpouring: Future promise of spiritual renewal."
Joel,3,Future Restoration,"This section reveals final victory. Key themes include:
- Nations' Judgment: God's verdict on Israel's enemies.
- Zion's Triumph: Jerusalem's ultimate vindication.
- Eternal Peace: Promise of lasting prosperity."
Amos,1-2,Judgment on Nations,"This section pronounces judgment. Key elements include:
- Regional Judgments: Oracles against surrounding nations.
- Judah's Sins: Criticism of southern kingdom.
- Israel's Guilt: Focus on northern kingdom's failures."
Amos,3-6,Israel's Corruption,"This section details specific sins. Key themes include:
- Social Injustice: Exploitation of the poor.
- Religious Hypocrisy: Empty ritual without righteousness.
- Coming Punishment: Warnings of exile and destruction."
Amos,7-9,Visions and Hope,"This section combines judgment and hope. Key elements include:
- Five Visions: Symbolic revelations of judgment.
- Priest's Opposition: Conflict with religious authority.
- Future Restoration: Promise of David's restored kingdom."
Obadiah,1,Edom's Downfall,"This section prophesies judgment. Key themes include:
- Edom's Pride: Criticism of arrogant attitude.
- Betrayal's Consequences: Punishment for opposing Israel.
- Israel's Victory: Promise of territorial restoration.
- Divine Kingdom: Establishment of God's rule."
Jonah,1-2,Flight and Fish,"This section shows divine pursuit. Key events include:
- Prophet's Flight: Attempt to escape God's call.
- Storm at Sea: Divine intervention through nature.
- Fish's Belly: Place of repentance and prayer."
Jonah,3-4,Nineveh and Nature,"This section reveals God's mercy. Key themes include:
- City's Repentance: Nineveh's response to warning.
- Prophet's Anger: Jonah's displeasure at mercy.
- God's Lesson: Teaching through plant and worm."
Micah,1-3,Judgment Declared,"This section announces punishment. Key themes include:
- Leaders' Corruption: Criticism of authorities.
- Social Injustice: Exploitation of the vulnerable.
- False Prophets: Condemnation of deceptive teaching."
Micah,4-5,Future Hope,"This section promises restoration. Key elements include:
- Zion's Exaltation: Future glory of Jerusalem.
- Messiah's Coming: Ruler from Bethlehem promised.
- Remnant's Return: Restoration of God's people."
Micah,6-7,Repentance and Mercy,"This section balances justice and hope. Key themes include:
- Divine Lawsuit: God's case against His people.
- True Religion: Requirements for genuine worship.
- Final Victory: Confidence in God's faithfulness."
Nahum,1,Divine Warrior,"This section reveals God's character. Key themes include:
- God's Power: Description of divine attributes.
- Nineveh's Doom: Announcement of judgment.
- Judah's Hope: Promise of deliverance."
Nahum,2-3,Nineveh's Fall,"This section details destruction. Key elements include:
- City's Siege: Vivid description of attack.
- Empire's End: Fall of Assyrian power.
- Just Judgment: Reasons for divine punishment."
Habakkuk,1-2,Prophet's Dialogue,"This section shows spiritual struggle. Key elements include:
- First Complaint: Question about evil's persistence.
- God's Answer: Babylonian judgment announced.
- Second Complaint: Question about God's justice.
- Faith's Response: Living by faith amid doubt."
Habakkuk,3,Prophet's Prayer,"This section expresses trust. Key themes include:
- God's Power: Celebration of divine might.
- Final Faith: Trust despite circumstances.
- Joyful Hope: Confidence in God's salvation."
Zephaniah,1-2,Coming Judgment,"This section warns of punishment. Key themes include:
- Day of the Lord: Universal judgment described.
- Nations' Doom: Oracles against foreign powers.
- Call to Repentance: Opportunity for mercy."
Zephaniah,3,Future Restoration,"This section promises hope. Key elements include:
- Jerusalem's Purification: City's transformation.
- Remnant's Return: Gathering of the faithful.
- Divine Presence: God dwelling among His people."
Haggai,1,Temple Priority,"This section urges action. Key themes include:
- Current Neglect: Criticism of misplaced priorities.
- Call to Build: Command to restart construction.
- People's Response: Obedient action to rebuild."
Haggai,2,Future Glory,"This section offers encouragement. Key elements include:
- Temple's Glory: Promise of future splendor.
- Divine Blessing: Assurance of God's favor.
- Messianic Hope: Promise of future shake-up."
Zechariah,1-6,Night Visions,"This section reveals God's plans. Key visions include:
- Horses Patrol: God's worldwide sovereignty.
- Temple Restoration: Promises for rebuilding.
- Leadership Cleansing: Joshua's purification.
- Divine Rule: Flying scroll and woman in basket."
Zechariah,7-8,True Religion,"This section teaches authenticity. Key themes include:
- Genuine Fasting: True spiritual disciplines.
- Past Lessons: Learning from history.
- Future Blessing: Promises of restoration."
Zechariah,9-14,Messianic Future,"This section prophesies hope. Key elements include:
- King's Coming: Prophecy of humble ruler.
- Shepherd's Rejection: Leadership conflicts.
- Final Victory: Ultimate divine triumph."
Malachi,1-2,Religious Corruption,"This section exposes problems. Key issues include:
- Worship Defiled: Criticism of poor offerings.
- Priestly Failure: Rebuke of religious leaders.
- Marriage Violations: Condemnation of unfaithfulness."
Malachi,3-4,Coming Day,"This section promises judgment and hope. Key themes include:
- Messenger's Coming: Promise of divine intervention.
- Tithing Test: Challenge to trust God.
- Final Prophet: Promise of Elijah's return.
- Day of the Lord: Ultimate justice and renewal."
Matthew,1-4,Birth and Early Ministry,"This section establishes Jesus's identity as the promised Messiah. Beginning with His genealogy through Abraham and David, it recounts His miraculous birth, the visit of the Magi, and His early years. John the Baptist's ministry prepares the way, culminating in Jesus's baptism and temptation in the wilderness, which demonstrates His divine authority and mission."
Matthew,5-25,Public Ministry and Teaching,"This extensive section presents Jesus's comprehensive teaching and ministry. It includes the foundational Sermon on the Mount, numerous parables about the Kingdom of Heaven, and powerful miracles demonstrating His authority. Jesus trains His disciples, confronts religious opposition, and delivers crucial prophecies about the future, particularly in the Olivet Discourse."
Matthew,26-28,Passion and Triumph,"This section details Jesus's final days, including the Last Supper, His arrest, trials, and crucifixion. The narrative culminates in His glorious resurrection and the Great Commission to His disciples, establishing His ultimate victory and the mission of the church."
Mark,1-8,Swift Beginning,"This section emphasizes Jesus's dynamic ministry, beginning with John the Baptist's preparation. Mark presents Jesus's authority through rapid-fire accounts of healings, exorcisms, and teachings. The calling of the disciples, growing crowds, and mounting opposition from religious leaders highlight Jesus's increasing influence."
Mark,9-16,Path to Glory,"This section focuses on Jesus's journey to Jerusalem, teaching about discipleship, and predictions of His death. The narrative intensifies through His triumphal entry, confrontations in the temple, and culminates in His passion, death, and resurrection, emphasizing His role as the suffering servant who conquers death."
Luke,1-4,Detailed Beginnings,"This section provides a carefully researched account of Jesus's origins. It includes the parallel announcements of John the Baptist and Jesus's births, the nativity narrative with its angelic proclamations and shepherds' visit, and Jesus's childhood incident in the temple, establishing His divine identity and mission."
Luke,5-19,Ministry of Compassion,"This section showcases Jesus's extensive ministry, highlighting His concern for the marginalized. Through parables like the Good Samaritan and Prodigal Son, healing miracles, and teachings, Luke emphasizes Jesus's compassion for sinners, women, Gentiles, and the poor, demonstrating God's universal love."
Luke,20-24,Final Days and Victory,"This section presents Jesus's teaching in Jerusalem, His last supper, trials, and crucifixion. Luke's unique perspective includes exclusive details about Jesus's resurrection appearances, particularly the Emmaus Road encounter, concluding with His ascension and the disciples' joyful anticipation of the Spirit."
John,1-4,Divine Word Revealed,"This section opens with the profound prologue declaring Jesus's eternal existence and incarnation. It includes John the Baptist's testimony, Jesus's first disciples, the wedding at Cana miracle, the cleansing of the temple, and the conversation with Nicodemus, establishing Jesus's divine identity and mission."
John,5-12,Signs and Conflicts,"This section presents seven significant signs demonstrating Jesus's deity, including healing the paralytic, feeding the five thousand, and raising Lazarus. These miracles are interwoven with Jesus's bold 'I am' declarations and escalating conflicts with religious authorities."
John,13-21,Glory Through Death,"This section provides the most extensive account of Jesus's final discourse with His disciples, including His teachings about the Holy Spirit and prayer. The passion narrative emphasizes Jesus's sovereign control over His death, while the resurrection appearances focus on personal encounters with the risen Lord."
Acts,1-7,Jerusalem Beginnings,"This section chronicles the birth of the Christian church, beginning with Jesus's ascension and the Holy Spirit's outpouring at Pentecost. The apostles' powerful witness, the formation of the early Christian community, and the first persecution culminating in Stephen's martyrdom establish the foundation for the church's expansion."
Acts,8-12,Expanding Horizons,"This section traces the gospel's spread beyond Jerusalem through Philip's ministry in Samaria, Saul's conversion, and Peter's ministry to Gentiles. The establishment of the church in Antioch marks a crucial turning point in the mission to the Gentiles."
Acts,13-28,Paul's Mission,"This section follows Paul's three missionary journeys, establishing churches throughout the Roman Empire. Through persecution, trials, and imprisonment, Paul's unwavering commitment to spreading the gospel demonstrates the unstoppable nature of God's plan, concluding with his ministry under house arrest in Rome."
Romans,1-4,The Need for Righteousness,"Paul establishes the universal need for salvation, demonstrating how both Jews and Gentiles fall short of God's glory. He introduces the doctrine of justification by faith, using Abraham as the prime example of righteousness through faith."
Romans,5-8,Life in Christ,"These chapters explore the transformative power of grace, the believer's death to sin and new life in Christ, the struggle with the flesh, and the work of the Holy Spirit. Paul culminates with the assurance of God's unfailing love and final victory for believers."
Romans,9-11,God's Plan for Israel,"Paul addresses the complex relationship between Israel and the church, defending God's sovereignty in election while affirming His faithfulness to His covenant promises and the future hope for Israel's restoration."
Romans,12-16,Living the Gospel,"The final section provides practical instructions for Christian living, addressing relationships within the church, submission to authorities, and handling disputes over matters of conscience."
I Corinthians,1-4,Church Unity and Wisdom,"Paul addresses divisions in the Corinthian church, contrasting worldly wisdom with the wisdom of the cross and establishing proper understanding of Christian leadership and ministry."
I Corinthians,5-11,Church Order and Worship,"These chapters deal with moral issues, marriage, Christian freedom, and proper conduct in worship, including the Lord's Supper and the use of spiritual gifts."
I Corinthians,12-16,Spiritual Gifts and Resurrection,"Paul explains the nature and purpose of spiritual gifts, emphasizes the supremacy of love, and provides the most comprehensive teaching on the resurrection in the New Testament."
II Corinthians,1-7,Paul's Ministry and New Covenant,"Paul defends his apostolic ministry, contrasts the old and new covenants, and calls for reconciliation between himself and the Corinthian church."
II Corinthians,8-13,Christian Giving and Authority,"The final section addresses generous giving, Paul's defense against false apostles, and his paradoxical strength in weakness."
Galatians,1-2,Gospel Defense,"Paul defends his apostolic authority and the gospel of grace against those requiring Gentile Christians to follow Jewish law."
Galatians,3-4,Faith vs. Law,"Through theological argument and allegory, Paul demonstrates that justification comes through faith, not law-keeping, using Abraham and the promise as key examples."
Galatians,5-6,Freedom in Christ,"The letter concludes with practical instructions on living in Christian freedom through the Spirit, avoiding both legalism and license."
Ephesians,1-3,Position in Christ,"Paul expounds on believers' spiritual blessings in Christ, God's plan for unity between Jews and Gentiles, and the mystery of the church."
Ephesians,4-6,Practice of Christ-life,"These chapters provide practical instruction for Christian living, including unity, personal holiness, household relationships, and spiritual warfare."
Philippians,1-2,Joy in Suffering,"Written from prison, Paul exemplifies joy in suffering, calls for unity through humility, and presents Christ's example of sacrificial service."
Philippians,3-4,Pursuing Christ,"The letter concludes with warnings against false teaching, encouragement to press on toward spiritual maturity, and practical exhortations for joy and peace."
Colossians,1-2,Christ's Supremacy,"This section establishes Christ's preeminence. Key themes include:
- Divine Nature: Christ's deity and role in creation.
- Reconciliation: Peace through Christ's death.
- Warning: Against empty philosophies."
Colossians,3-4,Christian Living,"This section provides practical guidance. Key elements include:
- New Identity: Living as God's chosen people.
- Relationships: Guidelines for family and work.
- Prayer and Witness: Instructions for spiritual life."
I Thessalonians,1-3,Faith and Ministry,"This section commends their faithfulness. Key aspects include:
- Model Church: Example of faith and love.
- Paul's Defense: His sincere ministry among them.
- Timothy's Report: Encouraging news of their faith."
I Thessalonians,4-5,Hope and Holiness,"This section addresses future hope. Key themes include:
- Holy Living: Call to moral purity.
- Christ's Return: Comfort about the dead in Christ.
- Church Life: Various exhortations for community."
II Thessalonians,1-2,End Times Clarity,"This section corrects misunderstandings. Key points include:
- Final Justice: Comfort in God's judgment.
- Day of the Lord: Signs and sequence of events.
- Deception: Warning against false teachings."
II Thessalonians,3,Christian Discipline,"This section gives practical instructions. Key elements include:
- Work Ethic: Command to be productive.
- Church Order: Dealing with the idle.
- Apostolic Authority: Following sound teaching."
I Timothy,1-2,Church Order and Doctrine,"This section establishes church leadership and sound teaching. Key elements include:
- False Teaching: Warning against those who distort the gospel and the law.
- Paul's Testimony: His personal experience of God's mercy and grace.
- Prayer Guidelines: Instructions for public worship and prayer.
- Leadership Qualifications: Requirements for overseers and deacons."
II Timothy,3-4,Final Charge,"This section provides final instructions. Key elements include:
- Last Days: Warning about difficult times and godless behavior.
- Scripture's Role: Affirmation of Scripture's divine inspiration and purpose.
- Paul's Testimony: His approaching death and faithful completion of ministry.
- Final Instructions: Personal requests and closing encouragements."
Titus,1,Church Leadership,"This section focuses on establishing church order. Key elements include:
- Elder Qualifications: Requirements for church leaders.
- False Teachers: Confronting those who oppose sound doctrine.
- Cultural Context: Dealing with specific challenges in Crete."
Titus,2-3,Christian Living,"This section provides practical guidance. Key themes include:
- Various Groups: Instructions for different age groups and social positions.
- Grace's Effect: How God's grace leads to godly living.
- Good Works: Emphasis on maintaining good deeds.
- Unity and Peace: Avoiding divisive influences in the church."
Philemon,1,Christian Reconciliation,"This personal letter addresses a delicate situation. Key elements include:
- Personal Appeal: Paul's gentle approach to Philemon.
- Onesimus's Story: A runaway slave's conversion and transformation.
- Christian Love: Appeal for acceptance based on new relationship in Christ.
- Reconciliation: Practical application of Christian principles to social issues."
Hebrews,1-6,Christ's Superiority,"This section establishes Christ's preeminence. Key themes include:
- Superior to Angels: Christ's divine nature and authority.
- Better than Moses: Jesus as Son versus servant.
- Perfect High Priest: Christ's unique qualifications.
- Foundation Truths: Basic Christian teachings and maturity."
Hebrews,7-10,Better Covenant,"This section explains the new covenant. Key elements include:
- Melchizedek Priesthood: Christ's eternal priesthood.
- New Covenant: Superior to the old covenant.
- Perfect Sacrifice: Christ's once-for-all sacrifice.
- Access to God: Direct approach through Christ."
Hebrews,11-13,Faith and Endurance,"This section encourages faithful living. Key themes include:
- Faith's Heroes: Examples from Old Testament believers.
- Discipline's Purpose: God's fatherly correction.
- Practical Holiness: Living out faith in community.
- Final Instructions: Various exhortations for Christian living."
James,1-2,Faith Tested,"This section addresses practical Christianity. Key themes include:
- Trials and Temptations: Proper response to difficulties.
- Word and Deed: Being doers, not just hearers.
- Favoritism: Warning against discriminating treatment.
- Faith and Works: Demonstrating faith through actions."
James,3-5,Faith Applied,"This section provides practical wisdom. Key elements include:
- Tongue Control: Managing speech and communication.
- Heavenly Wisdom: Characteristics of true wisdom.
- Conflict Resolution: Dealing with disputes and pride.
- Patient Endurance: Waiting for the Lord's return."
I Peter,1-2,Living Hope,"This section establishes Christian identity. Key themes include:
- New Birth: Living hope through Christ's resurrection.
- Holy Living: Call to be holy in all behavior.
- Living Stones: Identity as God's chosen people.
- Submission: Proper response to authority."
I Peter,3-5,Suffering Faith,"This section addresses persecution. Key elements include:
- Marriage Guidance: Instructions for Christian spouses.
- Suffering Well: Proper response to persecution.
- Church Leadership: Elder responsibilities and relationships.
- Resistance: Standing firm against the devil."
II Peter,1-2,True Knowledge,"This section warns against false teaching. Key themes include:
- Spiritual Growth: Developing Christian character.
- Prophetic Word: Reliability of Scripture.
- False Teachers: Warning against destructive heresies.
- Judgment: God's dealing with wickedness."
II Peter,3,Final Days,"This section addresses end times. Key elements include:
- Scoffers: Response to those who doubt Christ's return.
- Day of the Lord: Nature of final judgment.
- New Creation: Promise of new heavens and earth.
- Holy Living: Motivation for godly behavior."
I John,1-2,Fellowship with God,"This section establishes true Christianity. Key themes include:
- Light and Darkness: Walking in God's truth.
- Sin and Confession: Dealing with sin properly.
- Love Command: Emphasis on loving others.
- Antichrist Warning: Discerning false teaching."
I John,3-5,Children of God,"This section describes Christian life. Key elements include:
- Divine Family: Identity as God's children.
- Love in Action: Practical demonstration of love.
- Spirit's Testimony: Discerning truth from error.
- Eternal Life: Assurance of salvation in Christ."
II John,1,Truth and Love,"This brief letter emphasizes key principles. Key themes include:
- Walking in Truth: Maintaining sound doctrine.
- Love Command: Continuing in brotherly love.
- False Teachers: Warning against supporting deceivers.
- Personal Visit: Hope for face-to-face fellowship."
III John,1,Church Leadership,"This personal letter addresses church issues. Key elements include:
- Gaius's Faithfulness: Commendation for hospitality.
- Diotrephes's Pride: Warning about domineering leadership.
- Demetrius's Example: Recommendation of faithful service.
- Truth's Triumph: Importance of supporting truth."
Jude,1,Contending for Faith,"This urgent letter warns against apostasy. Key themes include:
- Faith Defense: Need to contend for truth.
- False Teachers: Description of ungodly influences.
- Historical Examples: Warnings from past judgment.
- Spiritual Protection: Maintaining faith and love."
Revelation,1-3,Church Messages,"This section presents Christ's messages. Key elements include:
- Christ's Appearance: Vision of the glorified Lord.
- Seven Churches: Specific messages to Asian churches.
- Promises and Warnings: Encouragement and correction.
- Spiritual Evaluation: Assessment of church conditions."
Revelation,4-16,Judgments Unveiled,"This section reveals future events. Key themes include:
- Heavenly Throne: Vision of God's sovereignty.
- Seal Judgments: Initial series of world judgments.
- Trumpet Judgments: Intensifying divine intervention.
- Bowl Judgments: Final series of God's wrath."
Revelation,17-22,Ultimate Victory,"This section concludes history. Key elements include:
- Babylon's Fall: Judgment of worldly system.
- Christ's Return: Final victory over evil.
- Millennium: Thousand-year reign of Christ.
- New Creation: New heaven and earth established.
- Eternal State: God's people in His presence forever."